<?xml version="1.0" encoding="UTF-8"?>
<project-private xmlns="http://www.netbeans.org/ns/project-private/1">
    <editor-bookmarks xmlns="http://www.netbeans.org/ns/editor-bookmarks/2" lastBookmarkId="0"/>
    <open-files xmlns="http://www.netbeans.org/ns/projectui-open-files/2">
        <group>
            <file>file:/C:/Users/Estudiante/Documents/NetBeansProjects/Lab_2/src/Matriz.java</file>
            <file>file:/C:/Users/Estudiante/Documents/NetBeansProjects/Lab_2/src/Adivinar.java</file>
            <file>file:/C:/Users/Estudiante/Documents/NetBeansProjects/Lab_2/src/Main_Menu.java</file>
        </group>
    </open-files>
</project-private>
